timestamp,event_type,user_input,function_name,function_args,assistant_response,success,error,time_elapsed_seconds
2025-04-21T21:27:03.610476,user_input,"Construct a GUI that can detect how many fingers are raised, either from a static image or live camera feed. Provide a dropdown or radio buttons to choose ‘Image Mode’ or ‘Camera Mode.’ In ‘Image Mode,’ let the user select a file. In ‘Camera Mode,’ show a ‘Start Capture’ button. Use libraries like OpenCV/Mediapipe for detection and display the processed result (with an overlay showing the finger count). Automatically install dependencies, forbid terminal input, and record logs for user selections and detection results.",,,,,,0.000
2025-04-21T21:27:54.030938,function_call,"Construct a GUI that can detect how many fingers are raised, either from a static image or live camera feed. Provide a dropdown or radio buttons to choose ‘Image Mode’ or ‘Camera Mode.’ In ‘Image Mode,’ let the user select a file. In ‘Camera Mode,’ show a ‘Start Capture’ button. Use libraries like OpenCV/Mediapipe for detection and display the processed result (with an overlay showing the finger count). Automatically install dependencies, forbid terminal input, and record logs for user selections and detection results.",create_project_folder,"""{\""project_name\"":\""finger_counter_gui\""}""",Project folder 'finger_counter_gui' created successfully.,True,,50.420
2025-04-21T21:30:01.764300,function_call,"Construct a GUI that can detect how many fingers are raised, either from a static image or live camera feed. Provide a dropdown or radio buttons to choose ‘Image Mode’ or ‘Camera Mode.’ In ‘Image Mode,’ let the user select a file. In ‘Camera Mode,’ show a ‘Start Capture’ button. Use libraries like OpenCV/Mediapipe for detection and display the processed result (with an overlay showing the finger count). Automatically install dependencies, forbid terminal input, and record logs for user selections and detection results.",create_virtual_environment,"""{\""project_name\"":\""finger_counter_gui\"",\""env_name\"":\""venv\""}""",Virtual environment 'venv' created successfully in project 'finger_counter_gui'.,True,,178.154
2025-04-21T21:31:33.286330,function_call,"Construct a GUI that can detect how many fingers are raised, either from a static image or live camera feed. Provide a dropdown or radio buttons to choose ‘Image Mode’ or ‘Camera Mode.’ In ‘Image Mode,’ let the user select a file. In ‘Camera Mode,’ show a ‘Start Capture’ button. Use libraries like OpenCV/Mediapipe for detection and display the processed result (with an overlay showing the finger count). Automatically install dependencies, forbid terminal input, and record logs for user selections and detection results.",create_python_file,"""{\""project_name\"":\""finger_counter_gui\"",\""file_path\"":\""run.py\"",\""content\"":\""import sys\\nimport subprocess\\n\\n# Automatically install required packages\\nrequired_packages = ['opencv-python', 'mediapipe', 'pillow']\\nfor package in required_packages:\\n    try:\\n        if package == 'opencv-python':\\n            import cv2\\n        elif package == 'mediapipe':\\n            import mediapipe\\n        else:\\n            __import__(package)\\n    except ImportError:\\n        subprocess.check_call([sys.executable, '-m', 'pip', 'install', package])\\n\\nimport cv2\\nimport mediapipe as mp\\nimport tkinter as tk\\nfrom tkinter import filedialog\\nfrom PIL import Image, ImageTk\\nimport logging\\nimport threading\\nimport time\\n\\n# Setup logging\\ntlogging = logging.getLogger()\\nlogging.basicConfig(filename='logs.txt', level=logging.INFO,\\n                    format='%(asctime)s - %(message)s')\\n\\n# Initialize MediaPipe Hands\\nmp_drawing = mp.solutions.drawing_utils\\nmp_hands = mp.solutions.hands\\nhands_static = mp_hands.Hands(static_image_mode=True,\\n                              max_num_hands=1,\\n                              min_detection_confidence=0.5)\\nhands_video = mp_hands.Hands(static_image_mode=False,\\n                             max_num_hands=1,\\n                             min_detection_confidence=0.5)\\n\\ndef finger_count_from_landmarks(hand_landmarks):\\n    landmarks = hand_landmarks.landmark\\n    count = 0\\n    # Thumb: compare x-coordinates\\n    if landmarks[mp_hands.HandLandmark.THUMB_TIP].x > landmarks[mp_hands.HandLandmark.THUMB_IP].x:\\n        count += 1\\n    # Other fingers: compare y-coordinates\\n    finger_tips = [mp_hands.HandLandmark.INDEX_FINGER_TIP,\\n                   mp_hands.HandLandmark.MIDDLE_FINGER_TIP,\\n                   mp_hands.HandLandmark.RING_FINGER_TIP,\\n                   mp_hands.HandLandmark.PINKY_TIP]\\n    finger_pips = [mp_hands.HandLandmark.INDEX_FINGER_PIP,\\n                   mp_hands.HandLandmark.MIDDLE_FINGER_PIP,\\n                   mp_hands.HandLandmark.RING_FINGER_PIP,\\n                   mp_hands.HandLandmark.PINKY_PIP]\\n    for tip, pip in zip(finger_tips, finger_pips):\\n        if landmarks[tip].y < landmarks[pip].y:\\n            count += 1\\n    return count\\n\\n\\ndef detect_and_annotate(frame, static_image=False):\\n    hands = hands_static if static_image else hands_video\\n    image_rgb = cv2.cvtColor(frame, cv2.COLOR_BGR2RGB)\\n    results = hands.process(image_rgb)\\n    annotated_image = frame.copy()\\n    count = 0\\n    if results.multi_hand_landmarks:\\n        for hand_landmarks in results.multi_hand_landmarks:\\n            mp_drawing.draw_landmarks(\\n                annotated_image,\\n                hand_landmarks,\\n                mp_hands.HAND_CONNECTIONS\\n            )\\n            count = finger_count_from_landmarks(hand_landmarks)\\n    cv2.putText(annotated_image, f'Count: {count}', (10, 30),\\n                cv2.FONT_HERSHEY_SIMPLEX, 1, (0, 255, 0), 2)\\n    return annotated_image, count\\n\\n\\nclass FingerCounterApp:\\n    def __init__(self):\\n        self.root = tk.Tk()\\n        self.root.title(\\\""Finger Counter\\\"")\\n        # Mode selection\\n        self.mode = tk.StringVar(value='Image')\\n        modes = [('Image Mode', 'Image'), ('Camera Mode', 'Camera')]\\n        for text, value in modes:\\n            tk.Radiobutton(\\n                self.root,\\n                text=text,\\n                variable=self.mode,\\n                value=value,\\n                command=self.on_mode_change\\n            ).pack(anchor='w')\\n\\n        # Buttons and display area\\n        self.select_button = tk.Button(\\n            self.root, text=\\\""Select Image\\\"", command=self.select_image)\\n        self.start_button = tk.Button(\\n            self.root, text=\\\""Start Capture\\\"", command=self.start_capture)\\n        self.stop_button = tk.Button(\\n            self.root, text=\\\""Stop Capture\\\"", command=self.stop_capture)\\n        self.canvas = tk.Label(self.root)\\n\\n        self.capture = None\\n        self.running = False\\n        self.on_mode_change()\\n        self.root.mainloop()\\n\\n    def on_mode_change(self):\\n        mode = self.mode.get()\\n        logging.info(f\\\""Mode changed to: {mode}\\\"")\\n        # Stop camera if running\\n        if self.running:\\n            self.stop_capture()\\n        # Hide all controls\\n        self.select_button.pack_forget()\\n        self.start_button.pack_forget()\\n        self.stop_button.pack_forget()\\n        self.canvas.pack_forget()\\n        # Show relevant controls\\n        if mode == 'Image':\\n            self.select_button.pack()\\n            self.canvas.pack()\\n        else:\\n            self.start_button.pack()\\n\\n    def select_image(self):\\n        file_path = filedialog.askopenfilename(\\n            filetypes=[(\\\""Image files\\\"", \\\""*.jpg *.jpeg *.png *.bmp\\\"")]\\n        )\\n        if not file_path:\\n            return\\n        logging.info(f\\\""Image selected: {file_path}\\\"")\\n        image = cv2.imread(file_path)\\n        if image is None:\\n            return\\n        annotated, count = detect_and_annotate(image, static_image=True)\\n        logging.info(f\\\""Detected fingers in image: {count}\\\"")\\n        # Display\\n        image_rgb = cv2.cvtColor(annotated, cv2.COLOR_BGR2RGB)\\n        pil_image = Image.fromarray(image_rgb)\\n        imgtk = ImageTk.PhotoImage(image=pil_image)\\n        self.canvas.imgtk = imgtk\\n        self.canvas.config(image=imgtk)\\n\\n    def start_capture(self):\\n        if self.running:\\n            return\\n        self.capture = cv2.VideoCapture(0)\\n        self.running = True\\n        self.start_button.pack_forget()\\n        self.stop_button.pack()\\n        threading.Thread(target=self.video_loop, daemon=True).start()\\n\\n    def stop_capture(self):\\n        if not self.running:\\n            return\\n        self.running = False\\n        self.stop_button.pack_forget()\\n        self.start_button.pack()\\n        if self.capture:\\n            self.capture.release()\\n            self.capture = None\\n\\n    def video_loop(self):\\n        while self.running and self.capture.isOpened():\\n            ret, frame = self.capture.read()\\n            if not ret:\\n                continue\\n            annotated, count = detect_and_annotate(frame, static_image=False)\\n            logging.info(f\\\""Detected fingers in camera frame: {count}\\\"")\\n            image_rgb = cv2.cvtColor(annotated, cv2.COLOR_BGR2RGB)\\n            pil_image = Image.fromarray(image_rgb)\\n            imgtk = ImageTk.PhotoImage(image=pil_image)\\n            # Update GUI\\n            def update_image():\\n                self.canvas.imgtk = imgtk\\n                self.canvas.config(image=imgtk)\\n                self.canvas.pack()\\n            self.root.after(0, update_image)\\n            time.sleep(0.03)\\n        if self.capture:\\n            self.capture.release()\\n\\n\\nif __name__ == \\\""__main__\\\"":\\n    FingerCounterApp()\\n\""}""","File 'run.py' created successfully in project 'finger_counter_gui'. Should we run it now? (call the execute function, if yes)",True,,269.676
2025-04-21T21:36:07.902271,function_call,"Construct a GUI that can detect how many fingers are raised, either from a static image or live camera feed. Provide a dropdown or radio buttons to choose ‘Image Mode’ or ‘Camera Mode.’ In ‘Image Mode,’ let the user select a file. In ‘Camera Mode,’ show a ‘Start Capture’ button. Use libraries like OpenCV/Mediapipe for detection and display the processed result (with an overlay showing the finger count). Automatically install dependencies, forbid terminal input, and record logs for user selections and detection results.",execute_python_file,"""{\""project_name\"":\""finger_counter_gui\"",\""env_name\"":\""venv\"",\""file_path\"":\""run.py\""}""","Execution successful.
**Output**:
Collecting opencv-python
  Using cached opencv_python-4.11.0.86-cp37-abi3-win_amd64.whl.metadata (20 kB)
Collecting numpy>=1.21.2 (from opencv-python)
  Using cached numpy-2.2.5-cp312-cp312-win_amd64.whl.metadata (60 kB)
Using cached opencv_python-4.11.0.86-cp37-abi3-win_amd64.whl (39.5 MB)
Using cached numpy-2.2.5-cp312-cp312-win_amd64.whl (12.6 MB)
Installing collected packages: numpy, opencv-python
Successfully installed numpy-2.2.5 opencv-python-4.11.0.86
Collecting mediapipe
  Using cached mediapipe-0.10.21-cp312-cp312-win_amd64.whl.metadata (10 kB)
Collecting absl-py (from mediapipe)
  Using cached absl_py-2.2.2-py3-none-any.whl.metadata (2.6 kB)
Collecting attrs>=19.1.0 (from mediapipe)
  Using cached attrs-25.3.0-py3-none-any.whl.metadata (10 kB)
Collecting flatbuffers>=2.0 (from mediapipe)
  Using cached flatbuffers-25.2.10-py2.py3-none-any.whl.metadata (875 bytes)
Collecting jax (from mediapipe)
  Using cached jax-0.6.0-py3-none-any.whl.metadata (22 kB)
Collecting jaxlib (from mediapipe)
  Using cached jaxlib-0.6.0-cp312-cp312-win_amd64.whl.metadata (1.2 kB)
Collecting matplotlib (from mediapipe)
  Using cached matplotlib-3.10.1-cp312-cp312-win_amd64.whl.metadata (11 kB)
Collecting numpy<2 (from mediapipe)
  Using cached numpy-1.26.4-cp312-cp312-win_amd64.whl.metadata (61 kB)
Collecting opencv-contrib-python (from mediapipe)
  Using cached opencv_contrib_python-4.11.0.86-cp37-abi3-win_amd64.whl.metadata (20 kB)
Collecting protobuf<5,>=4.25.3 (from mediapipe)
  Using cached protobuf-4.25.6-cp310-abi3-win_amd64.whl.metadata (541 bytes)
Collecting sounddevice>=0.4.4 (from mediapipe)
  Using cached sounddevice-0.5.1-py3-none-win_amd64.whl.metadata (1.4 kB)
Collecting sentencepiece (from mediapipe)
  Using cached sentencepiece-0.2.0-cp312-cp312-win_amd64.whl.metadata (8.3 kB)
Collecting CFFI>=1.0 (from sounddevice>=0.4.4->mediapipe)
  Using cached cffi-1.17.1-cp312-cp312-win_amd64.whl.metadata (1.6 kB)
Collecting ml_dtypes>=0.5.0 (from jax->mediapipe)
  Using cached ml_dtypes-0.5.1-cp312-cp312-win_amd64.whl.metadata (22 kB)
Collecting opt_einsum (from jax->mediapipe)
  Using cached opt_einsum-3.4.0-py3-none-any.whl.metadata (6.3 kB)
Collecting scipy>=1.11.1 (from jax->mediapipe)
  Using cached scipy-1.15.2-cp312-cp312-win_amd64.whl.metadata (60 kB)
Collecting contourpy>=1.0.1 (from matplotlib->mediapipe)
  Using cached contourpy-1.3.2-cp312-cp312-win_amd64.whl.metadata (5.5 kB)
Collecting cycler>=0.10 (from matplotlib->mediapipe)
  Using cached cycler-0.12.1-py3-none-any.whl.metadata (3.8 kB)
Collecting fonttools>=4.22.0 (from matplotlib->mediapipe)
  Using cached fonttools-4.57.0-cp312-cp312-win_amd64.whl.metadata (104 kB)
Collecting kiwisolver>=1.3.1 (from matplotlib->mediapipe)
  Using cached kiwisolver-1.4.8-cp312-cp312-win_amd64.whl.metadata (6.3 kB)
Collecting packaging>=20.0 (from matplotlib->mediapipe)
  Using cached packaging-25.0-py3-none-any.whl.metadata (3.3 kB)
Collecting pillow>=8 (from matplotlib->mediapipe)
  Using cached pillow-11.2.1-cp312-cp312-win_amd64.whl.metadata (9.1 kB)
Collecting pyparsing>=2.3.1 (from matplotlib->mediapipe)
  Using cached pyparsing-3.2.3-py3-none-any.whl.metadata (5.0 kB)
Collecting python-dateutil>=2.7 (from matplotlib->mediapipe)
  Using cached python_dateutil-2.9.0.post0-py2.py3-none-any.whl.metadata (8.4 kB)
Collecting pycparser (from CFFI>=1.0->sounddevice>=0.4.4->mediapipe)
  Using cached pycparser-2.22-py3-none-any.whl.metadata (943 bytes)
Collecting six>=1.5 (from python-dateutil>=2.7->matplotlib->mediapipe)
  Using cached six-1.17.0-py2.py3-none-any.whl.metadata (1.7 kB)
Using cached mediapipe-0.10.21-cp312-cp312-win_amd64.whl (51.0 MB)
Using cached attrs-25.3.0-py3-none-any.whl (63 kB)
Using cached flatbuffers-25.2.10-py2.py3-none-any.whl (30 kB)
Using cached numpy-1.26.4-cp312-cp312-win_amd64.whl (15.5 MB)
Using cached protobuf-4.25.6-cp310-abi3-win_amd64.whl (413 kB)
Using cached sounddevice-0.5.1-py3-none-win_amd64.whl (363 kB)
Using cached absl_py-2.2.2-py3-none-any.whl (135 kB)
Using cached jax-0.6.0-py3-none-any.whl (2.3 MB)
Using cached jaxlib-0.6.0-cp312-cp312-win_amd64.whl (56.4 MB)
Using cached matplotlib-3.10.1-cp312-cp312-win_amd64.whl (8.1 MB)
Using cached opencv_contrib_python-4.11.0.86-cp37-abi3-win_amd64.whl (46.2 MB)
Using cached sentencepiece-0.2.0-cp312-cp312-win_amd64.whl (991 kB)
Using cached cffi-1.17.1-cp312-cp312-win_amd64.whl (181 kB)
Using cached contourpy-1.3.2-cp312-cp312-win_amd64.whl (223 kB)
Using cached cycler-0.12.1-py3-none-any.whl (8.3 kB)
Using cached fonttools-4.57.0-cp312-cp312-win_amd64.whl (2.2 MB)
Using cached kiwisolver-1.4.8-cp312-cp312-win_amd64.whl (71 kB)
Using cached ml_dtypes-0.5.1-cp312-cp312-win_amd64.whl (210 kB)
Using cached packaging-25.0-py3-none-any.whl (66 kB)
Using cached pillow-11.2.1-cp312-cp312-win_amd64.whl (2.7 MB)
Using cached pyparsing-3.2.3-py3-none-any.whl (111 kB)
Using cached python_dateutil-2.9.0.post0-py2.py3-none-any.whl (229 kB)
Using cached scipy-1.15.2-cp312-cp312-win_amd64.whl (40.9 MB)
Using cached opt_einsum-3.4.0-py3-none-any.whl (71 kB)
Using cached six-1.17.0-py2.py3-none-any.whl (11 kB)
Using cached pycparser-2.22-py3-none-any.whl (117 kB)
Installing collected packages: sentencepiece, flatbuffers, six, pyparsing, pycparser, protobuf, pillow, packaging, opt_einsum, numpy, kiwisolver, fonttools, cycler, attrs, absl-py, scipy, python-dateutil, opencv-contrib-python, ml_dtypes, contourpy, CFFI, sounddevice, matplotlib, jaxlib, jax, mediapipe
  Attempting uninstall: numpy
    Found existing installation: numpy 2.2.5
    Uninstalling numpy-2.2.5:
      Successfully uninstalled numpy-2.2.5
Successfully installed CFFI-1.17.1 absl-py-2.2.2 attrs-25.3.0 contourpy-1.3.2 cycler-0.12.1 flatbuffers-25.2.10 fonttools-4.57.0 jax-0.6.0 jaxlib-0.6.0 kiwisolver-1.4.8 matplotlib-3.10.1 mediapipe-0.10.21 ml_dtypes-0.5.1 numpy-1.26.4 opencv-contrib-python-4.11.0.86 opt_einsum-3.4.0 packaging-25.0 pillow-11.2.1 protobuf-4.25.6 pycparser-2.22 pyparsing-3.2.3 python-dateutil-2.9.0.post0 scipy-1.15.2 sentencepiece-0.2.0 six-1.17.0 sounddevice-0.5.1
Requirement already satisfied: pillow in c:\devproject\auto-gpt-dev-loop\finger_counter_gui\venv\lib\site-packages (11.2.1)
",True,,544.292
2025-04-21T21:36:11.200480,assistant_message,"Construct a GUI that can detect how many fingers are raised, either from a static image or live camera feed. Provide a dropdown or radio buttons to choose ‘Image Mode’ or ‘Camera Mode.’ In ‘Image Mode,’ let the user select a file. In ‘Camera Mode,’ show a ‘Start Capture’ button. Use libraries like OpenCV/Mediapipe for detection and display the processed result (with an overlay showing the finger count). Automatically install dependencies, forbid terminal input, and record logs for user selections and detection results.",,,"The GUI application is running. A window titled “Finger Counter” has opened with radio buttons for Image Mode and Camera Mode.  
- In Image Mode, click “Select Image” to choose a file.  
- In Camera Mode, click “Start Capture” to begin live detection; click “Stop Capture” to end.  

Logs of selections and detected counts are recorded in `logs.txt`.",True,,547.589
